{"cameraMode":{"drawMode":0,"name":"Shaded","section":"Shading Mode"},"sceneLighting":true,"audioPlay":false,"sceneViewState":{"m_AlwaysRefresh":false,"showFog":true,"showSkybox":true,"showFlares":true,"showImageEffects":true,"showParticleSystems":true,"showVisualEffectGraphs":true,"m_FxEnabled":true},"in2DMode":false,"pivot":{"x":-92.55720520019531,"y":1.0695326328277588,"z":-57.3577766418457},"rotation":{"x":0.012890961021184922,"y":-0.9720395803451538,"z":0.22831089794635774,"w":0.054633140563964847},"size":2.666025161743164,"orthographic":false}