{"cameraMode":{"drawMode":0,"name":"Shaded","section":"Shading Mode"},"sceneLighting":true,"audioPlay":false,"sceneViewState":{"m_AlwaysRefresh":false,"showFog":true,"showSkybox":true,"showFlares":true,"showImageEffects":true,"showParticleSystems":true,"showVisualEffectGraphs":true,"m_FxEnabled":true},"in2DMode":false,"pivot":{"x":-92.71499633789063,"y":0.9760746955871582,"z":-57.34000015258789},"rotation":{"x":-0.052647437900304797,"y":0.9320444464683533,"z":-0.15089105069637299,"w":-0.32520005106925967},"size":3.117948293685913,"orthographic":false}