{"cameraMode":{"drawMode":0,"name":"Shaded","section":"Shading Mode"},"sceneLighting":true,"audioPlay":false,"sceneViewState":{"m_AlwaysRefresh":false,"showFog":true,"showSkybox":true,"showFlares":true,"showImageEffects":true,"showParticleSystems":true,"showVisualEffectGraphs":true,"m_FxEnabled":true},"in2DMode":false,"pivot":{"x":-0.5183161497116089,"y":-4.796178340911865,"z":-55.35727310180664},"rotation":{"x":-0.16098500788211823,"y":-0.017890706658363344,"z":0.002941305749118328,"w":-0.9868911504745483},"size":3.007394790649414,"orthographic":false}