{"cameraMode":{"drawMode":0,"name":"Shaded","section":"Shading Mode"},"sceneLighting":true,"audioPlay":false,"sceneViewState":{"m_AlwaysRefresh":false,"showFog":true,"showSkybox":true,"showFlares":true,"showImageEffects":true,"showParticleSystems":true,"showVisualEffectGraphs":true,"m_FxEnabled":true},"in2DMode":false,"pivot":{"x":3.486052989959717,"y":1.2819288969039918,"z":2.4080400466918947},"rotation":{"x":-0.002816074527800083,"y":-0.9931665658950806,"z":0.114626444876194,"w":-0.025973517447710038},"size":1.859635591506958,"orthographic":false}