{"cameraMode":{"drawMode":0,"name":"Shaded","section":"Shading Mode"},"sceneLighting":true,"audioPlay":false,"sceneViewState":{"m_AlwaysRefresh":false,"showFog":true,"showSkybox":true,"showFlares":true,"showImageEffects":true,"showParticleSystems":true,"showVisualEffectGraphs":true,"m_FxEnabled":true},"in2DMode":false,"pivot":{"x":-92.94677734375,"y":1.2908486127853394,"z":-57.34000015258789},"rotation":{"x":-0.0005679523455910385,"y":0.9992291331291199,"z":0.015889275819063188,"w":0.036284856498241428},"size":1.329116940498352,"orthographic":false}