{"cameraMode":{"drawMode":0,"name":"Shaded","section":"Shading Mode"},"sceneLighting":true,"audioPlay":false,"sceneViewState":{"m_AlwaysRefresh":false,"showFog":true,"showSkybox":true,"showFlares":true,"showImageEffects":true,"showParticleSystems":true,"showVisualEffectGraphs":true,"m_FxEnabled":true},"in2DMode":false,"pivot":{"x":-11.954151153564454,"y":-5.349696159362793,"z":-93.97821044921875},"rotation":{"x":0.03710455074906349,"y":0.9620151519775391,"z":-0.16910062730312348,"w":0.21108849346637727},"size":3.3899734020233156,"orthographic":false}